{
    "prior": {
        "1": 0.5515306763892381,
        "0": 0.3602118430978124,
        "2": 0.08825748051294946
    },
    "means": {
        "0": {
            "Suhu Tubuh (C)": -0.03933939280809739,
            "Detak Jantung": -0.2824981676508042,
            "Sistolik": -0.5555745032162653,
            "Diastolik": -0.2816968044585138,
            "Saturasi Oksigen": 0.22642570982723753
        },
        "1": {
            "Suhu Tubuh (C)": -0.023117008866446697,
            "Detak Jantung": 0.04897450782755786,
            "Sistolik": 0.23487130052370211,
            "Diastolik": 0.06450132773134688,
            "Saturasi Oksigen": -0.029220796712011533
        },
        "2": {
            "Suhu Tubuh (C)": 0.3050195243450615,
            "Detak Jantung": 0.846933787128908,
            "Sistolik": 0.7997711710008396,
            "Diastolik": 0.7466343230523473,
            "Saturasi Oksigen": -0.7415241870267099
        }
    },
    "std": {
        "0": {
            "Suhu Tubuh (C)": 0.572679218922528,
            "Detak Jantung": 0.5968008763227654,
            "Sistolik": 0.4654107058543759,
            "Diastolik": 0.5386643648485151,
            "Saturasi Oksigen": 0.49836299758150154
        },
        "1": {
            "Suhu Tubuh (C)": 1.0406749495600613,
            "Detak Jantung": 1.0626506689254747,
            "Sistolik": 1.0329016412390835,
            "Diastolik": 1.0758618001494007,
            "Saturasi Oksigen": 0.981288817872472
        },
        "2": {
            "Suhu Tubuh (C)": 1.7669391779553554,
            "Detak Jantung": 1.327612864028202,
            "Sistolik": 1.2391668343572593,
            "Diastolik": 1.4163792612548238,
            "Saturasi Oksigen": 1.8803182483263856
        }
    }
}